1,TCEHY,Tencent Holdings Limited,575.95B,64.05,-0.90%,93.82B,2025-06-20
2,TCTZF,Tencent Holdings Limited,575.95B,62.75,-3.46%,93.82B,2025-06-20
3,IDCBF,Industrial and Commercial Bank of China Limited,340.49B,0.750,-3.85%,90.66B,2025-06-20
4,IDCBY,Industrial and Commercial Bank of China Limited,340.49B,15.75,2.34%,90.66B,2025-06-20
5,NONOF,Novo Nordisk A/S,333.14B,73.00,-2.86%,43.92B,2025-06-20
6,SAPGF,SAP SE,331.45B,289.70,-0.75%,37.99B,2025-06-20
7,ASMLF,ASML Holding N.V.,294.56B,746.16,-1.26%,33.27B,2025-06-20
8,SSNLF,"Samsung Electronics Co., Ltd.",281.73B,42.33,9.01%,209.21B,2025-06-20
9,ACGBF,Agricultural Bank of China Limited,276.40B,0.603,-5.81%,79.77B,2025-06-20
10,ACGBY,Agricultural Bank of China Limited,276.40B,17.67,0.17%,79.77B,2025-06-20
11,BABAF,Alibaba Group Holding Limited,270.81B,14.15,-3.29%,137.30B,2025-06-20
12,HESAF,Hermès International Société en commandite par actions,267.69B,"2,585.10",-1.69%,15.71B,2025-06-20
13,HESAY,Hermès International Société en commandite par actions,267.69B,258.88,-0.81%,15.71B,2025-06-20
14,LVMHF,"LVMH Moët Hennessy - Louis Vuitton, Société Européenne",259.16B,519.18,-2.96%,87.67B,2025-06-20
15,LVMUY,"LVMH Moët Hennessy - Louis Vuitton, Société Européenne",259.16B,103.50,-2.59%,87.67B,2025-06-20
16,NSRGF,Nestlé S.A.,259.11B,100.05,-1.48%,101.22B,2025-06-20
17,NSRGY,Nestlé S.A.,259.11B,100.13,-1.43%,101.22B,2025-06-20
18,RHHBF,Roche Holding AG,254.63B,340.41,-0.68%,68.85B,2025-06-20
19,RHHBY,Roche Holding AG,254.63B,39.45,-0.43%,68.85B,2025-06-20
20,RHHVF,Roche Holding AG,254.63B,317.87,-0.20%,68.85B,2025-06-20
21,CICHF,China Construction Bank Corporation,241.40B,0.977,-0.31%,82.49B,2025-06-20
22,CICHY,China Construction Bank Corporation,241.40B,19.65,1.37%,82.49B,2025-06-20
23,BACHF,Bank of China Limited,233.91B,0.612,5.57%,74.11B,2025-06-20
24,BACHY,Bank of China Limited,233.91B,14.46,-0.10%,74.11B,2025-06-20
25,NVSEF,Novartis AG,227.73B,116.13,-2.56%,53.22B,2025-06-20
26,PCCYF,PetroChina Company Limited,226.65B,0.850,-3.30%,396.65B,2025-06-20
27,TOYOF,Toyota Motor Corporation,223.78B,18.30,0.55%,320.78B,2025-06-20
28,LRLCF,L'Oréal S.A.,222.79B,421.99,-0.94%,45.02B,2025-06-20
29,LRLCY,L'Oréal S.A.,222.79B,84.00,-0.73%,45.02B,2025-06-20
30,AZNCF,AstraZeneca PLC,219.65B,149.39,1.01%,54.98B,2025-06-20
31,RYDAF,Shell plc,214.54B,36.18,0.12%,281.07B,2025-06-20
32,HBCYF,HSBC Holdings plc,201.31B,11.77,-0.85%,57.99B,2025-06-20
33,CBAUF,Commonwealth Bank of Australia,196.96B,114.05,1.67%,16.54B,2025-06-20
34,CMWAY,Commonwealth Bank of Australia,196.96B,118.08,0.66%,16.54B,2025-06-20
35,SIEGY,Siemens Aktiengesellschaft,185.84B,120.85,-0.22%,84.11B,2025-06-20
36,SMAWF,Siemens Aktiengesellschaft,185.84B,243.00,-,84.11B,2025-06-20
37,XIACF,Xiaomi Corporation,175.54B,6.87,1.03%,55.36B,2025-06-20
38,XIACY,Xiaomi Corporation,175.54B,34.25,1.03%,55.36B,2025-06-20
39,DTEGF,Deutsche Telekom AG,170.01B,35.19,-0.78%,129.98B,2025-06-20
40,DTEGY,Deutsche Telekom AG,170.01B,35.07,0.60%,129.98B,2025-06-20
41,CIHHF,"China Merchants Bank Co., Ltd.",162.49B,5.09,-21.69%,40.76B,2025-06-20
42,CIHKY,"China Merchants Bank Co., Ltd.",161.46B,33.80,0.81%,40.76B,2025-06-20
43,IDEXF,"Industria de Diseño Textil, S.A.",156.59B,51.72,1.46%,43.97B,2025-06-20
44,IDEXY,"Industria de Diseño Textil, S.A.",156.59B,25.52,0.24%,43.97B,2025-06-20
45,MBFJF,"Mitsubishi UFJ Financial Group, Inc.",153.99B,13.20,-2.82%,53.45B,2025-06-20
46,UNLYF,Unilever PLC,153.07B,65.02,4.44%,62.91B,2025-06-20
47,SNEJF,Sony Group Corporation,148.82B,26.24,3.33%,86.53B,2025-06-20
48,ALIZF,Allianz SE,148.46B,391.40,2.80%,117.84B,2025-06-20
49,ALIZY,Allianz SE,148.46B,38.92,0.36%,117.84B,2025-06-20
50,EADSF,Airbus SE,146.05B,192.99,1.85%,75.60B,2025-06-20
51,EADSY,Airbus SE,146.05B,48.16,2.95%,75.60B,2025-06-20
52,BYDDY,BYD Company Limited,144.59B,95.95,-1.28%,113.35B,2025-06-20
53,BYDDF,BYD Company Limited,144.04B,16.06,-0.74%,113.35B,2025-06-20
54,TTFNF,TotalEnergies SE,139.34B,63.52,-0.70%,191.63B,2025-06-20
55,BUDFF,Anheuser-Busch InBev SA/NV,139.05B,71.40,1.45%,58.85B,2025-06-20
56,SBGSF,Schneider Electric S.E.,138.06B,247.41,-1.03%,39.50B,2025-06-20
57,SBGSY,Schneider Electric S.E.,138.06B,49.31,-1.18%,39.50B,2025-06-20
58,CILJF,China Life Insurance Company Limited,134.07B,2.335,-1.89%,42.29B,2025-06-20
59,ESLOF,EssilorLuxottica Société anonyme,127.14B,276.25,0.09%,27.44B,2025-06-20
60,ESLOY,EssilorLuxottica Société anonyme,127.14B,138.08,-0.32%,27.44B,2025-06-20
61,PIAIF,"Ping An Insurance (Group) Company of China, Ltd.",126.11B,6.11,0.49%,130.32B,2025-06-20
62,PNGAY,"Ping An Insurance (Group) Company of China, Ltd.",126.11B,12.08,1.05%,130.32B,2025-06-20
63,HTHIF,"Hitachi, Ltd.",125.62B,29.08,7.63%,65.33B,2025-06-20
64,HTHIY,"Hitachi, Ltd.",125.24B,27.23,-2.61%,65.33B,2025-06-20
65,SAFRF,Safran SA,123.26B,298.37,-1.87%,28.69B,2025-06-20
66,SAFRY,Safran SA,123.26B,74.85,-0.24%,28.69B,2025-06-20
67,PROSF,Prosus N.V.,118.95B,55.05,1.79%,5.87B,2025-06-20
68,PROSY,Prosus N.V.,118.95B,10.56,-1.49%,5.87B,2025-06-20
69,BHPLF,BHP Group Limited,118.62B,25.16,10.35%,53.97B,2025-06-20
70,AIQUF,L'Air Liquide S.A.,117.94B,206.45,-0.47%,28.01B,2025-06-20
71,AIQUY,L'Air Liquide S.A.,117.94B,41.09,-1.16%,28.01B,2025-06-20
72,IBDRY,"Iberdrola, S.A.",116.41B,75.02,0.70%,48.56B,2025-06-20
73,IBDSF,"Iberdrola, S.A.",116.41B,18.84,0.64%,48.56B,2025-06-20
74,SNYNF,Sanofi,116.12B,94.76,-6.64%,48.82B,2025-06-20
75,BCDRF,"Banco Santander, S.A.",115.98B,8.01,-2.46%,54.84B,2025-06-20
76,BTAFF,British American Tobacco p.l.c.,107.32B,49.00,-1.53%,32.38B,2025-06-20
77,CFRHF,Compagnie Financière Richemont SA,105.44B,181.08,-1.31%,23.13B,2025-06-20
78,CFRUY,Compagnie Financière Richemont SA,105.44B,18.03,-1.85%,23.13B,2025-06-20
79,CSUAY,China Shenhua Energy Company Limited,105.27B,17.71,-0.73%,44.07B,2025-06-20
80,CUAEF,China Shenhua Energy Company Limited,104.91B,4.210,-0.24%,44.07B,2025-06-20
81,ABBNY,ABB Ltd,104.75B,57.52,-0.49%,32.92B,2025-06-20
82,ABLZF,ABB Ltd,104.75B,58.21,0.93%,32.92B,2025-06-20
83,AXAHF,AXA SA,103.75B,48.05,0.48%,94.48B,2025-06-20
84,AXAHY,AXA SA,103.75B,49.23,2.67%,94.48B,2025-06-20
85,NTDOF,"Nintendo Co., Ltd.",101.69B,89.95,-1.27%,7.78B,2025-06-20
86,NTDOY,"Nintendo Co., Ltd.",101.69B,21.82,-4.63%,7.78B,2025-06-20
87,MPNGF,Meituan,100.02B,16.59,-6.02%,48.35B,2025-06-20
88,MPNGY,Meituan,100.02B,32.55,-3.15%,48.35B,2025-06-20
89,RYCEF,Rolls-Royce Holdings plc,98.99B,12.05,-0.03%,23.67B,2025-06-20
90,RYCEY,Rolls-Royce Holdings plc,98.99B,12.16,0.37%,23.67B,2025-06-20
91,UNCFF,UniCredit S.p.A.,98.87B,65.84,2.07%,26.15B,2025-06-20
92,UNCRY,UniCredit S.p.A.,98.87B,32.20,-0.80%,26.15B,2025-06-20
93,ENNPF,Enbridge Inc.,97.58B,17.01,0.06%,42.40B,2025-06-20
94,FRCOF,"Fast Retailing Co., Ltd.",96.89B,320.00,-,21.92B,2025-06-20
95,FRCOY,"Fast Retailing Co., Ltd.",96.89B,31.41,-3.09%,21.92B,2025-06-20
96,IITSF,Intesa Sanpaolo S.p.A.,96.84B,5.64,1.26%,27.49B,2025-06-20
97,ISNPY,Intesa Sanpaolo S.p.A.,96.84B,33.23,-0.06%,27.49B,2025-06-20
98,DBSDF,DBS Group Holdings Ltd,96.73B,36.03,3.06%,16.25B,2025-06-20
99,DBSDY,DBS Group Holdings Ltd,96.73B,136.45,-0.77%,16.25B,2025-06-20
100,RLXXF,RELX PLC,96.15B,51.05,-2.86%,11.81B,2025-06-20
101,ZFSVF,Zurich Insurance Group AG,95.92B,695.00,1.24%,68.72B,2025-06-20
102,ZURVY,Zurich Insurance Group AG,95.92B,33.95,-0.12%,68.72B,2025-06-20
103,BNPQF,BNP Paribas SA,95.49B,85.95,-2.11%,49.87B,2025-06-20
104,BNPQY,BNP Paribas SA,95.49B,42.74,-2.60%,49.87B,2025-06-20
105,SMFNF,"Sumitomo Mitsui Financial Group, Inc.",95.17B,24.95,-0.40%,34.86B,2025-06-20
106,RTNTF,Rio Tinto Group,94.42B,68.00,-5.56%,53.66B,2025-06-20
107,RTPPF,Rio Tinto Group,94.42B,59.00,1.90%,53.66B,2025-06-20
108,KYCCF,Keyence Corporation,93.85B,385.50,-3.20%,7.12B,2025-06-20
109,ENLAY,Enel SpA,92.58B,9.18,1.21%,84.69B,2025-06-20
110,ESOCF,Enel SpA,92.58B,9.17,0.96%,84.69B,2025-06-20
111,BCMXY,"Bank of Communications Co., Ltd.",91.49B,20.15,-,28.68B,2025-06-20
112,AAGIY,AIA Group Limited,90.92B,34.58,-0.29%,22.47B,2025-06-20
113,SNPMF,China Petroleum & Chemical Corporation,90.14B,0.511,-5.16%,416.17B,2025-06-20
114,RNMBF,Rheinmetall AG,89.88B,"1,950.95",-3.39%,11.32B,2025-06-20
115,RNMBY,Rheinmetall AG,89.88B,400.68,0.28%,11.32B,2025-06-20
116,BKFCF,"Bank of Communications Co., Ltd.",89.64B,0.710,-21.11%,28.68B,2025-06-20
117,AAIGF,AIA Group Limited,89.47B,8.54,-2.80%,22.47B,2025-06-20
118,CHDRF,Christian Dior SE,88.84B,522.78,0.03%,87.67B,2025-06-20
119,CHDRY,Christian Dior SE,88.84B,124.05,-2.52%,87.67B,2025-06-20
120,SFTBY,SoftBank Group Corp.,87.92B,30.36,1.85%,48.37B,2025-06-20
121,IVSBF,Investor AB (publ),87.14B,27.79,-3.17%,10.41B,2025-06-20
122,IVSXF,Investor AB (publ),87.14B,26.39,-11.26%,10.41B,2025-06-20
123,NPPXF,Nippon Telegraph and Telephone Corporation,86.46B,1.080,0.93%,91.52B,2025-06-20
124,NTTYY,Nippon Telegraph and Telephone Corporation,86.46B,26.55,0.08%,91.52B,2025-06-20
125,SFTBF,SoftBank Group Corp.,85.64B,58.21,-2.98%,48.37B,2025-06-20
126,BBVXF,"Banco Bilbao Vizcaya Argentaria, S.A.",84.86B,15.26,-2.80%,34.61B,2025-06-20
127,MURGF,Münchener Rückversicherungs-Gesellschaft Aktiengesellschaft in München,82.50B,649.04,1.55%,66.84B,2025-06-20
128,MURGY,Münchener Rückversicherungs-Gesellschaft Aktiengesellschaft in München,82.50B,12.96,1.73%,66.84B,2025-06-20
129,NETTF,"NetEase, Inc.",82.33B,27.29,-0.80%,14.78B,2025-06-20
130,BPAQF,BP p.l.c.,82.19B,5.25,-0.94%,185.41B,2025-06-20
131,MHVIY,"Mitsubishi Heavy Industries, Ltd.",81.58B,48.24,-1.09%,33.57B,2025-06-20
132,MHVYF,"Mitsubishi Heavy Industries, Ltd.",81.58B,23.35,-3.91%,33.57B,2025-06-20
133,CHGCF,"Chugai Pharmaceutical Co., Ltd.",81.40B,52.67,9.73%,8.16B,2025-06-20
134,CHGCY,"Chugai Pharmaceutical Co., Ltd.",81.40B,24.59,-1.74%,8.16B,2025-06-20
135,SBKFF,State Bank of India,80.67B,94.63,11.05%,40.13B,2025-06-20
136,RCRUY,"Recruit Holdings Co., Ltd.",78.53B,10.65,-2.56%,23.76B,2025-06-20
137,SMEGF,Siemens Energy AG,78.40B,101.75,-0.25%,40.47B,2025-06-20
138,SMNEY,Siemens Energy AG,78.40B,101.13,0.53%,40.47B,2025-06-20
139,GLAXF,GSK plc,78.01B,19.51,-3.99%,40.74B,2025-06-20
140,RCRRF,"Recruit Holdings Co., Ltd.",77.22B,56.69,5.06%,23.76B,2025-06-20
141,BAESF,BAE Systems plc,77.16B,25.77,-2.98%,32.94B,2025-06-20
142,BAESY,BAE Systems plc,77.16B,103.72,-1.17%,32.94B,2025-06-20
143,NABZY,National Australia Bank Limited,76.71B,12.58,-1.33%,12.50B,2025-06-20
144,NAUBF,National Australia Bank Limited,76.71B,25.40,27.77%,12.50B,2025-06-20
145,LDNXF,London Stock Exchange Group plc,76.66B,146.11,-0.61%,11.09B,2025-06-20
146,LNSTY,London Stock Exchange Group plc,76.66B,36.90,0.05%,11.09B,2025-06-20
147,STOHF,Equinor ASA,76.63B,27.63,2.33%,106.80B,2025-06-20
148,TKOMF,"Tokio Marine Holdings, Inc.",76.17B,38.59,-9.22%,53.30B,2025-06-20
149,TKOMY,"Tokio Marine Holdings, Inc.",76.17B,39.71,-2.74%,53.30B,2025-06-20
150,VCISF,Vinci SA,75.91B,142.01,0.61%,75.34B,2025-06-20
151,VCISY,Vinci SA,75.91B,34.77,-1.92%,75.34B,2025-06-20
152,TOELF,Tokyo Electron Limited,75.39B,172.28,4.72%,16.24B,2025-06-20
153,TOELY,Tokyo Electron Limited,75.39B,82.27,-3.36%,16.24B,2025-06-20
154,CSLLY,CSL Limited,75.06B,78.99,1.70%,15.23B,2025-06-20
155,CNSWF,Constellation Software Inc.,75.05B,"3,516.04",-1.99%,10.37B,2025-06-20
156,PSBKF,"Postal Savings Bank of China Co., Ltd.",74.82B,0.650,8.39%,43.67B,2025-06-20
157,CMXHF,CSL Limited,74.60B,148.56,-1.54%,15.23B,2025-06-20
158,PSTVY,"Postal Savings Bank of China Co., Ltd.",74.49B,13.55,-1.42%,43.67B,2025-06-20
159,WEBNF,Westpac Banking Corporation,73.24B,20.35,-3.44%,13.33B,2025-06-20
160,ATLCY,Atlas Copco AB (publ),73.18B,13.75,0.72%,17.60B,2025-06-20
161,ATLFF,Atlas Copco AB (publ),73.18B,14.08,-,17.60B,2025-06-20
162,ATLKY,Atlas Copco AB (publ),73.18B,15.71,2.01%,17.60B,2025-06-20
163,ATLPF,Atlas Copco AB (publ),73.18B,15.60,-5.63%,17.60B,2025-06-20
164,ITOCF,ITOCHU Corporation,73.14B,53.93,5.46%,98.33B,2025-06-20
165,ITOCY,ITOCHU Corporation,73.02B,103.33,-0.58%,98.33B,2025-06-20
166,HNHAF,"Hon Hai Precision Industry Co., Ltd.",72.85B,3.256,-,215.78B,2025-06-20
167,HNHPF,"Hon Hai Precision Industry Co., Ltd.",72.85B,10.60,0.24%,215.78B,2025-06-20
168,MSBHF,Mitsubishi Corporation,72.64B,19.54,-2.25%,124.33B,2025-06-20
169,MTSUY,Mitsubishi Corporation,72.64B,19.30,-2.48%,124.33B,2025-06-20
170,SFBQF,SoftBank Corp.,71.88B,1.500,-1.32%,43.70B,2025-06-20
171,SOBKY,SoftBank Corp.,71.07B,14.87,-0.80%,43.70B,2025-06-20
172,NGGTF,National Grid plc,68.83B,14.78,2.72%,23.74B,2025-06-20
173,MZHOF,"Mizuho Financial Group, Inc.",67.65B,28.75,-1.88%,26.04B,2025-06-20
174,ZIJMF,Zijin Mining Group Company Limited,67.10B,2.500,-1.57%,42.42B,2025-06-20
175,ZIJMY,Zijin Mining Group Company Limited,66.96B,48.91,-2.49%,42.42B,2025-06-20
176,PBCRF,PT Bank Central Asia Tbk,66.00B,0.510,-13.56%,6.52B,2025-06-20
177,PBCRY,PT Bank Central Asia Tbk,66.00B,13.27,-2.39%,6.52B,2025-06-20
178,NEMCL,Newmont Corporation,64.52B,58.00,-,19.67B,2025-06-20
179,KDDIY,KDDI Corporation,64.10B,16.39,-1.59%,39.52B,2025-06-20
180,HKXCY,Hong Kong Exchanges and Clearing Limited,63.21B,50.00,-2.34%,3.07B,2025-06-20
181,KDDIF,KDDI Corporation,63.00B,16.84,-6.44%,39.52B,2025-06-20
182,CHBJF,China CITIC Bank Corporation Limited,62.96B,0.880,-,21.07B,2025-06-20
183,CHCJY,China CITIC Bank Corporation Limited,62.96B,18.00,-,21.07B,2025-06-20
184,HKXCF,Hong Kong Exchanges and Clearing Limited,62.76B,52.01,-0.76%,3.07B,2025-06-20
185,HCMLF,Holcim AG,61.75B,115.00,-0.65%,29.14B,2025-06-20
186,HCMLY,Holcim AG,61.75B,22.86,-1.49%,29.14B,2025-06-20
187,WFAFF,Wesfarmers Limited,60.97B,44.70,-22.61%,27.85B,2025-06-20
188,WFAFY,Wesfarmers Limited,60.97B,27.09,0.20%,27.85B,2025-06-20
189,INGVF,ING Groep N.V.,60.74B,17.47,-16.81%,21.68B,2025-06-20
190,BCLYF,Barclays PLC,60.72B,4.385,-1.46%,32.14B,2025-06-20
191,LLDTF,Lloyds Banking Group plc,60.39B,1.100,10.00%,22.69B,2025-06-20
192,CAIXY,"CaixaBank, S.A.",59.19B,2.790,0.36%,16.12B,2025-06-20
193,CIXPF,"CaixaBank, S.A.",59.19B,8.68,-0.29%,16.12B,2025-06-20
194,SEMHF,Siemens Healthineers AG,58.69B,53.24,-,25.01B,2025-06-20
195,SMMNY,Siemens Healthineers AG,58.69B,26.47,1.85%,25.01B,2025-06-20
196,LTOUF,Larsen & Toubro Limited,57.96B,48.68,31.57%,30.41B,2025-06-20
197,THLEF,Thales S.A.,57.90B,282.00,-3.92%,21.30B,2025-06-20
198,THLLY,Thales S.A.,57.90B,57.19,0.62%,21.30B,2025-06-20
199,MITSF,"Mitsui & Co., Ltd.",57.62B,20.20,-1.46%,97.92B,2025-06-20
200,MITSY,"Mitsui & Co., Ltd.",57.62B,401.60,-1.95%,97.92B,2025-06-20
201,FNMA,Federal National Mortgage Association,56.99B,10.20,2.72%,30.44B,2025-06-20
202,SHECF,"Shin-Etsu Chemical Co., Ltd.",56.92B,30.34,-1.18%,17.10B,2025-06-20
203,SHECY,"Shin-Etsu Chemical Co., Ltd.",56.92B,15.03,-2.94%,17.10B,2025-06-20
204,DSDVF,DSV A/S,56.61B,237.80,-2.45%,24.70B,2025-06-20
205,DSDVY,DSV A/S,56.61B,116.85,-3.02%,24.70B,2025-06-20
206,DGEAF,Diageo plc,56.53B,25.41,0.50%,20.21B,2025-06-20
207,CMPGF,Compass Group PLC,56.27B,34.32,-1.52%,43.83B,2025-06-20
208,CMPGY,Compass Group PLC,56.27B,33.62,-0.12%,43.83B,2025-06-20
209,DBOEF,Deutsche Börse AG,56.23B,316.66,1.48%,6.44B,2025-06-20
210,DBOEY,Deutsche Börse AG,56.23B,31.02,0.68%,6.44B,2025-06-20
211,ADYEY,Adyen N.V.,55.92B,17.60,-3.77%,2.09B,2025-06-20
212,ADYYF,Adyen N.V.,55.92B,"1,767.76",-2.71%,2.09B,2025-06-20
213,ANZGF,ANZ Group Holdings Limited,55.79B,18.60,-,13.16B,2025-06-20
214,OVCHF,Oversea-Chinese Banking Corporation Limited,55.78B,13.70,8.30%,10.25B,2025-06-20
215,OVCHY,Oversea-Chinese Banking Corporation Limited,55.78B,24.94,0.24%,10.25B,2025-06-20
216,UMGNF,Universal Music Group N.V.,55.77B,30.50,-0.38%,12.25B,2025-06-20
217,UNVGY,Universal Music Group N.V.,55.77B,15.34,0.52%,12.25B,2025-06-20
218,RBSPF,NatWest Group plc,55.54B,7.02,6.13%,19.06B,2025-06-20
219,WMMVF,"Wal-Mart de México, S.A.B. de C.V.",55.30B,3.200,-2.74%,47.57B,2025-06-20
220,WMMVY,"Wal-Mart de México, S.A.B. de C.V.",55.30B,31.44,-4.12%,47.57B,2025-06-20
221,NNFSF,"Nongfu Spring Co., Ltd.",54.80B,4.840,-,5.88B,2025-06-20
222,ANZGY,ANZ Group Holdings Limited,54.37B,18.42,-3.00%,13.16B,2025-06-20
223,MKGAF,Merck KGaA,54.32B,124.95,-3.40%,23.04B,2025-06-20
224,MKKGY,Merck KGaA,54.32B,25.32,0.82%,23.04B,2025-06-20
225,ENGIY,Engie SA,54.30B,22.40,-0.75%,76.42B,2025-06-20
226,ENGQF,Engie SA,54.30B,22.75,0.85%,76.42B,2025-06-20
227,VLVLY,AB Volvo (publ),54.13B,27.12,1.50%,51.55B,2025-06-20
228,VOLAF,AB Volvo (publ),54.13B,26.00,-12.69%,51.55B,2025-06-20
229,VOLVF,AB Volvo (publ),54.13B,28.30,5.31%,51.55B,2025-06-20
230,CRARF,Crédit Agricole S.A.,53.81B,18.50,-0.11%,38.12B,2025-06-20
231,CRARY,Crédit Agricole S.A.,53.81B,8.90,-2.22%,38.12B,2025-06-20
232,JAPAF,Japan Tobacco Inc.,53.80B,31.00,3.16%,21.61B,2025-06-20
233,CODGF,Compagnie de Saint-Gobain S.A.,53.60B,109.15,-1.22%,48.22B,2025-06-20
234,CODYY,Compagnie de Saint-Gobain S.A.,53.60B,21.73,-1.63%,48.22B,2025-06-20
235,MBGAF,Mercedes-Benz Group AG,53.46B,55.95,0.03%,154.50B,2025-06-20
236,MBGYY,Mercedes-Benz Group AG,53.46B,13.96,-0.14%,154.50B,2025-06-20
237,JAPAY,Japan Tobacco Inc.,53.15B,14.91,-1.24%,21.61B,2025-06-20
238,DANOY,Danone S.A.,52.78B,16.40,-1.15%,28.34B,2025-06-20
239,GPDNF,Danone S.A.,52.78B,83.80,1.47%,28.34B,2025-06-20
240,DHLGY,Deutsche Post AG,52.56B,46.69,0.39%,92.23B,2025-06-20
241,DPSTF,Deutsche Post AG,52.56B,47.26,2.18%,92.23B,2025-06-20
242,TGOPF,3i Group plc,52.36B,55.08,-1.33%,6.65B,2025-06-20
243,TGOPY,3i Group plc,52.36B,27.75,-1.49%,6.65B,2025-06-20
244,ARZGF,Assicurazioni Generali S.p.A.,51.89B,35.00,6.71%,57.26B,2025-06-20
245,ARZGY,Assicurazioni Generali S.p.A.,51.89B,17.28,0.67%,57.26B,2025-06-20
246,PTPIF,PT Chandra Asri Pacific Tbk,51.59B,0.391,-25.86%,1.94B,2025-06-20
247,AMXOF,"América Móvil, S.A.B. de C.V.",51.13B,0.873,1.17%,43.93B,2025-06-20
248,CIIHF,CITIC Securities Company Limited,50.97B,2.550,-4.39%,8.94B,2025-06-20
249,PTCAY,PT Chandra Asri Pacific Tbk,50.93B,62.05,10.80%,1.94B,2025-06-20
250,CIIHY,CITIC Securities Company Limited,50.90B,28.00,-1.37%,8.94B,2025-06-20
251,BAMXF,Bayerische Motoren Werke Aktiengesellschaft,50.74B,86.13,-5.46%,150.80B,2025-06-20
252,BMWKY,Bayerische Motoren Werke Aktiengesellschaft,50.74B,27.65,0.18%,150.80B,2025-06-20
253,BYMOF,Bayerische Motoren Werke Aktiengesellschaft,50.74B,82.30,0.81%,150.80B,2025-06-20
254,IFNNF,Infineon Technologies AG,50.74B,39.55,-2.10%,15.82B,2025-06-20
255,IFNNY,Infineon Technologies AG,50.74B,39.02,-0.47%,15.82B,2025-06-20
256,VLKAF,Volkswagen AG,50.31B,103.20,-0.10%,353.17B,2025-06-20
257,VWAGY,Volkswagen AG,50.31B,10.18,0.20%,353.17B,2025-06-20
258,SNGNF,Singapore Telecommunications Limited,50.08B,3.160,-2.77%,10.53B,2025-06-20
259,MQBKY,Macquarie Group Limited,50.00B,135.71,-1.62%,10.80B,2025-06-20
260,SGAPY,Singapore Telecommunications Limited,49.44B,30.11,-2.43%,10.53B,2025-06-20
261,MCQEF,Macquarie Group Limited,49.06B,140.85,2.00%,10.80B,2025-06-20
262,ANCTF,Alimentation Couche-Tard Inc.,48.91B,51.30,-1.74%,74.18B,2025-06-20
263,NBNKF,Nordea Bank Abp,48.85B,14.05,-2.09%,12.66B,2025-06-20
264,NRDBY,Nordea Bank Abp,48.84B,14.31,-0.35%,12.66B,2025-06-20
265,SSREF,Swiss Re AG,48.45B,175.00,1.01%,43.84B,2025-06-20
266,SSREY,Swiss Re AG,48.45B,41.83,1.28%,43.84B,2025-06-20
267,PINXY,The People's Insurance Company (Group) of China Limited,48.43B,12.38,-7.84%,82.09B,2025-06-20
268,LBLCF,Loblaw Companies Limited,48.25B,163.33,0.78%,42.91B,2025-06-20
269,LZAGF,Lonza Group AG,48.12B,684.25,-0.21%,7.25B,2025-06-20
270,LZAGY,Lonza Group AG,48.12B,68.19,-0.03%,7.25B,2025-06-20
271,EIPAF,Eni S.p.A.,47.99B,15.86,2.54%,98.31B,2025-06-20
272,HEINY,Heineken N.V.,47.83B,43.00,-0.52%,30.87B,2025-06-20
273,HINKF,Heineken N.V.,47.83B,85.43,-1.10%,30.87B,2025-06-20
274,BNKHF,BOC Hong Kong (Holdings) Limited,47.68B,3.700,-15.14%,8.52B,2025-06-20
275,ADTTF,Advantest Corporation,47.35B,47.90,-14.31%,5.21B,2025-06-20
276,ATEYY,Advantest Corporation,47.35B,67.39,1.49%,5.21B,2025-06-20
277,BHKLY,BOC Hong Kong (Holdings) Limited,46.87B,90.58,1.36%,8.52B,2025-06-20
278,JDCMF,"JD.com, Inc.",46.85B,18.84,12.17%,165.35B,2025-06-20
279,RBGLY,Reckitt Benckiser Group plc,46.60B,13.80,-1.11%,17.74B,2025-06-20
280,RBGPF,Reckitt Benckiser Group plc,46.60B,67.66,-3.37%,17.74B,2025-06-20
281,DASTF,Dassault Systèmes SE,46.47B,35.60,-3.82%,6.80B,2025-06-20
282,DASTY,Dassault Systèmes SE,46.47B,35.60,-0.64%,6.80B,2025-06-20
283,EXPGF,Experian plc,46.25B,51.59,0.49%,7.52B,2025-06-20
284,EXPGY,Experian plc,46.25B,50.63,-1.56%,7.52B,2025-06-20
285,HLNCF,Haleon plc,46.16B,5.35,3.58%,14.06B,2025-06-20
286,TKPHF,Takeda Pharmaceutical Company Limited,46.06B,32.13,13.65%,30.60B,2025-06-20
287,ENAKF,E.ON SE,45.49B,17.56,0.17%,91.14B,2025-06-20
288,EONGY,E.ON SE,45.49B,17.73,1.08%,91.14B,2025-06-20
289,GVDBF,Givaudan SA,45.45B,"5,008.62",-5.05%,8.18B,2025-06-20
290,GVDNY,Givaudan SA,45.45B,97.91,-2.11%,8.18B,2025-06-20
291,GLCNF,Glencore plc,45.33B,3.861,-1.00%,230.94B,2025-06-20
292,GLNCY,Glencore plc,45.33B,7.63,-1.55%,230.94B,2025-06-20
293,GMGSF,Goodman Group,45.32B,22.22,6.76%,1.80B,2025-06-20
294,UOVEF,United Overseas Bank Limited,45.06B,27.20,-,9.80B,2025-06-20
295,NAPRF,Naspers Limited,44.85B,305.19,-0.07%,6.87B,2025-06-20
296,NPSNY,Naspers Limited,44.85B,58.39,-2.03%,6.87B,2025-06-20
297,UOVEY,United Overseas Bank Limited,44.83B,54.43,0.46%,9.80B,2025-06-20
298,GMBXF,"Grupo México, S.A.B. de C.V.",42.89B,5.49,-3.35%,16.57B,2025-06-20
299,MIELY,Mitsubishi Electric Corporation,42.74B,41.13,-0.63%,36.87B,2025-06-20
300,MIELF,Mitsubishi Electric Corporation,42.70B,20.53,-3.41%,36.87B,2025-06-20
301,DRPRF,Dr. Ing. h.c. F. Porsche AG,42.59B,47.76,-0.30%,43.16B,2025-06-20
302,SCGLF,Société Générale Société anonyme,42.50B,54.30,-0.08%,27.83B,2025-06-20
303,SCGLY,Société Générale Société anonyme,42.50B,11.01,-2.63%,27.83B,2025-06-20
304,BASFY,BASF SE,42.43B,11.94,-0.58%,70.37B,2025-06-20
305,BFFAF,BASF SE,42.43B,48.94,1.96%,70.37B,2025-06-20
306,DSKYF,"Daiichi Sankyo Company, Limited",42.37B,22.15,-5.84%,12.60B,2025-06-20
307,DSNKY,"Daiichi Sankyo Company, Limited",42.37B,22.75,-4.17%,12.60B,2025-06-20
308,PPCCF,PICC Property and Casualty Company Limited,42.33B,1.890,-5.97%,70.49B,2025-06-20
309,PMRTY,Pop Mart International Group Limited,42.06B,30.20,-9.99%,1.79B,2025-06-20
310,SKFOF,Sika AG,41.60B,266.40,1.38%,12.98B,2025-06-20
311,SXYAY,Sika AG,41.60B,26.11,-1.36%,12.98B,2025-06-20
312,PPCCY,PICC Property and Casualty Company Limited,41.60B,46.45,-1.90%,70.49B,2025-06-20
313,FJTSF,Fujitsu Limited,41.58B,21.98,-12.95%,23.71B,2025-06-20
314,FJTSY,Fujitsu Limited,41.58B,23.48,-1.80%,23.71B,2025-06-20
315,CTPCF,CITIC Limited,41.13B,1.200,-11.11%,130.11B,2025-06-20
316,CTPCY,CITIC Limited,41.13B,6.70,-,130.11B,2025-06-20
317,HNDAF,"Honda Motor Co., Ltd.",40.74B,9.71,-3.90%,144.84B,2025-06-20
318,POPMF,Pop Mart International Group Limited,40.54B,33.34,-,1.79B,2025-06-20
319,SVNDY,"Seven & i Holdings Co., Ltd.",40.24B,15.60,1.50%,79.66B,2025-06-20
320,HOCPY,HOYA Corporation,40.08B,115.36,-1.90%,5.78B,2025-06-20
321,DNBBF,DNB Bank ASA,39.93B,27.39,-5.17%,8.25B,2025-06-20
322,DNBBY,DNB Bank ASA,39.93B,27.22,-3.20%,8.25B,2025-06-20
323,MAHMF,Mahindra & Mahindra Limited,39.72B,32.73,-,18.89B,2025-06-20
324,HOCPF,HOYA Corporation,39.71B,114.93,-2.72%,5.78B,2025-06-20
325,SVNDF,"Seven & i Holdings Co., Ltd.",39.68B,15.50,-,79.66B,2025-06-20
326,IFCZF,Intact Financial Corporation,39.60B,225.51,0.25%,20.28B,2025-06-20
327,ADDDF,adidas AG,39.58B,225.79,0.11%,26.35B,2025-06-20
328,ADDYY,adidas AG,39.58B,112.09,-0.93%,26.35B,2025-06-20
329,ANNSD,"Aena S.M.E., S.A.",39.12B,266.76,0.99%,6.36B,2025-06-20
330,ANYYY,"Aena S.M.E., S.A.",39.12B,25.88,-7.87%,6.36B,2025-06-20
331,FNCTF,Orange S.A.,38.78B,15.87,6.30%,41.68B,2025-06-20
332,ORANY,Orange S.A.,38.78B,14.76,-,41.68B,2025-06-20
333,BSQKZ,"Block, Inc.",38.63B,60.00,-,23.94B,2025-06-20
334,NTIOF,National Bank of Canada,38.48B,98.77,-0.65%,8.44B,2025-06-20
335,NTDTY,NTT DATA Group Corporation,38.48B,27.44,1.87%,30.98B,2025-06-20
336,NTTDF,NTT DATA Group Corporation,38.48B,27.40,10.39%,30.98B,2025-06-20
337,KBCSF,KBC Group NV,38.24B,98.20,-0.81%,12.11B,2025-06-20
338,KBCSY,KBC Group NV,38.24B,49.13,0.72%,12.11B,2025-06-20
339,DLMAF,Dollarama Inc.,38.18B,140.00,0.18%,4.73B,2025-06-20
340,CHLSY,Chocoladefabriken Lindt & Sprüngli AG,38.00B,16.65,-1.42%,6.12B,2025-06-20
341,LDSVF,Chocoladefabriken Lindt & Sprüngli AG,38.00B,"16,611.8",4.08%,6.12B,2025-06-20
342,FRFHF,Fairfax Financial Holdings Limited,37.67B,"1,760.00",-0.23%,36.14B,2025-06-20
343,WOLTF,Wolters Kluwer N.V.,37.65B,167.64,2.67%,6.12B,2025-06-20
344,WTKWY,Wolters Kluwer N.V.,37.65B,162.75,-1.03%,6.12B,2025-06-20
345,CRZBF,Commerzbank AG,37.54B,32.41,0.35%,11.57B,2025-06-20
346,CRZBY,Commerzbank AG,37.54B,32.52,0.28%,11.57B,2025-06-20
347,NIPNF,NEC Corporation,37.44B,28.11,2.33%,22.86B,2025-06-20
348,JPSTF,"JAPAN POST BANK Co., Ltd.",37.24B,10.60,-9.71%,11.41B,2025-06-20
349,SHLAF,Schindler Holding AG,37.18B,348.29,-,12.78B,2025-06-20
350,SHLRF,Schindler Holding AG,37.18B,347.00,-1.61%,12.78B,2025-06-20
351,TRPCF,Trip.com Group Limited,36.95B,59.88,-5.99%,7.61B,2025-06-20
352,HVRRF,Hannover Rück SE,36.87B,320.25,-,29.97B,2025-06-20
353,HVRRY,Hannover Rück SE,36.87B,51.89,0.86%,29.97B,2025-06-20
354,DNZOF,DENSO Corporation,36.86B,14.44,4.07%,47.83B,2025-06-20
355,DNZOY,DENSO Corporation,36.86B,13.16,-1.19%,47.83B,2025-06-20
356,RSMDF,ResMed Inc.,36.72B,23.35,6.14%,5.02B,2025-06-20
357,ADRNY,Koninklijke Ahold Delhaize N.V.,36.57B,40.99,0.40%,98.47B,2025-06-20
358,AHODF,Koninklijke Ahold Delhaize N.V.,36.57B,41.40,0.19%,98.47B,2025-06-20
359,OLCLY,"Oriental Land Co., Ltd.",36.42B,21.96,-3.77%,4.54B,2025-06-20
360,OLCLF,"Oriental Land Co., Ltd.",35.99B,22.00,-,4.54B,2025-06-20
361,SCBFF,Standard Chartered PLC,35.97B,15.85,3.88%,19.19B,2025-06-20
362,SCBFY,Standard Chartered PLC,35.97B,31.66,1.22%,19.19B,2025-06-20
363,TLGPY,Telstra Group Limited,35.89B,15.96,0.69%,14.30B,2025-06-20
364,TTRAF,Telstra Group Limited,35.89B,3.000,-11.76%,14.30B,2025-06-20
365,HDLMY,Heidelberg Materials AG,35.46B,40.57,-0.81%,22.00B,2025-06-20
366,HLBZF,Heidelberg Materials AG,35.46B,206.00,-,22.00B,2025-06-20
367,TSCDF,Tesco PLC,35.45B,5.45,1.11%,88.38B,2025-06-20
368,TSCDY,Tesco PLC,35.45B,16.45,0.37%,88.38B,2025-06-20
369,SCMWY,Swisscom AG,35.38B,68.66,-0.23%,13.68B,2025-06-20
370,SWZCF,Swisscom AG,35.38B,600.00,-11.97%,13.68B,2025-06-20
371,BKRKF,PT Bank Rakyat Indonesia (Persero) Tbk,34.93B,0.243,-6.91%,8.01B,2025-06-20
372,BKRKY,PT Bank Rakyat Indonesia (Persero) Tbk,34.93B,11.51,-4.79%,8.01B,2025-06-20
373,SVKEF,Skandinaviska Enskilda Banken AB (publ),34.90B,16.91,-4.68%,7.92B,2025-06-20
374,AMADF,"Amadeus IT Group, S.A.",34.46B,82.35,3.72%,6.79B,2025-06-20
375,AMADY,"Amadeus IT Group, S.A.",34.46B,79.00,-1.85%,6.79B,2025-06-20
376,UCBJF,UCB SA,34.36B,186.29,-1.96%,6.37B,2025-06-20
377,UCBJY,UCB SA,34.36B,90.31,1.05%,6.37B,2025-06-20
378,NVZMF,Novozymes A/S,33.94B,70.72,-2.60%,4.39B,2025-06-20
379,NVZMY,Novozymes A/S,33.94B,72.70,0.04%,4.39B,2025-06-20
380,PAUIF,Premier American Uranium Inc.,33.92B,1.000,-2.25%,-,2025-06-20
381,TYIDF,Toyota Industries Corporation,33.85B,119.30,-4.18%,27.28B,2025-06-20
382,TYIDY,Toyota Industries Corporation,33.85B,112.04,-1.25%,27.28B,2025-06-20
383,KBGGY,Kongsberg Gruppen ASA,33.85B,100.02,0.02%,4.95B,2025-06-20
384,NSKFD,Kongsberg Gruppen ASA,33.85B,40.41,3.44%,4.95B,2025-06-20
385,ASAZF,ASSA ABLOY AB (publ),33.81B,31.75,-0.35%,15.23B,2025-06-20
386,ASAZY,ASSA ABLOY AB (publ),33.81B,15.30,-0.58%,15.23B,2025-06-20
387,GWLIF,Great-West Lifeco Inc.,33.75B,36.34,-0.71%,24.26B,2025-06-20
388,MSADF,"MS&AD Insurance Group Holdings, Inc.",33.44B,22.47,3.60%,42.97B,2025-06-20
389,CICOY,"COSCO SHIPPING Holdings Co., Ltd.",33.44B,8.85,-0.56%,33.56B,2025-06-20
390,EQBBF,EQT AB (publ),33.41B,28.70,0.81%,2.75B,2025-06-20
391,HYMTF,Hyundai Motor Company,33.23B,56.00,5.86%,121.53B,2025-06-20
392,ARGNF,argenx SE,33.13B,586.55,-,2.64B,2025-06-20
393,KNYJF,KONE Oyj,33.09B,67.33,2.83%,12.11B,2025-06-20
394,KNYJY,KONE Oyj,33.09B,31.98,-0.08%,12.11B,2025-06-20
395,CICOF,"COSCO SHIPPING Holdings Co., Ltd.",33.01B,1.730,3.35%,33.56B,2025-06-20
396,DTGHF,Daimler Truck Holding AG,32.98B,42.94,-2.56%,57.57B,2025-06-20
397,DTRUY,Daimler Truck Holding AG,32.98B,21.84,0.67%,57.57B,2025-06-20
398,MARUF,Marubeni Corporation,32.97B,20.10,-2.90%,52.02B,2025-06-20
399,MARUY,Marubeni Corporation,32.97B,197.00,-2.39%,52.02B,2025-06-20
400,MSADY,"MS&AD Insurance Group Holdings, Inc.",32.88B,21.70,-2.38%,42.97B,2025-06-20
401,ELEZF,"Endesa, S.A.",32.85B,31.02,-2.42%,23.00B,2025-06-20
402,ELEZY,"Endesa, S.A.",32.85B,15.83,0.89%,23.00B,2025-06-20
403,ANPDF,ANTA Sports Products Limited,32.54B,11.73,-0.26%,9.70B,2025-06-20
404,ANPDY,ANTA Sports Products Limited,32.54B,289.22,-2.45%,9.70B,2025-06-20
405,GALDY,Galderma Group AG,32.49B,27.02,2.64%,4.44B,2025-06-20
406,GDERF,Galderma Group AG,32.49B,143.16,-,4.44B,2025-06-20
407,LGRDY,Legrand SA,32.41B,24.91,0.30%,9.62B,2025-06-20
408,LGRVF,Legrand SA,32.41B,122.80,-0.25%,9.62B,2025-06-20
409,DNKEY,Danske Bank A/S,32.29B,19.77,0.44%,8.26B,2025-06-20
410,DNSKF,Danske Bank A/S,32.29B,36.00,2.86%,8.26B,2025-06-20
411,DKILF,"Daikin Industries,Ltd.",32.26B,115.98,2.11%,31.74B,2025-06-20
412,DKILY,"Daikin Industries,Ltd.",32.25B,10.94,-1.14%,31.74B,2025-06-20
413,IMBBF,Imperial Brands PLC,32.16B,39.63,-0.92%,23.94B,2025-06-20
414,IMBBY,Imperial Brands PLC,32.16B,39.41,-0.88%,23.94B,2025-06-20
415,TLLXY,Talanx AG,31.99B,64.21,-2.09%,45.50B,2025-06-20
416,TNXXF,Talanx AG,31.99B,128.77,-0.02%,45.50B,2025-06-20
417,WEGZY,WEG S.A.,31.98B,7.25,-4.83%,6.98B,2025-06-20
418,WOPEF,Woodside Energy Group Ltd,31.41B,16.70,6.00%,13.18B,2025-06-20
419,SUHJY,Sun Hung Kai Properties Limited,31.36B,10.83,-0.82%,10.80B,2025-06-20
420,PGPHF,Partners Group Holding AG,31.31B,"1,241.36",1.79%,2.34B,2025-06-20
421,EBKDY,Erste Group Bank AG,31.18B,40.65,-1.16%,11.69B,2025-06-20
422,EBKOF,Erste Group Bank AG,31.18B,83.29,-0.85%,11.69B,2025-06-20
423,FINMF,Leonardo S.p.a.,31.16B,57.35,-0.33%,19.73B,2025-06-20
424,FINMY,Leonardo S.p.a.,31.16B,27.17,-1.45%,19.73B,2025-06-20
425,KSHTY,Kuaishou Technology,30.81B,1.430,5.15%,17.93B,2025-06-20
426,SUHJF,Sun Hung Kai Properties Limited,30.81B,10.23,-,10.80B,2025-06-20
427,KUASF,Kuaishou Technology,30.72B,7.71,-,17.93B,2025-06-20
428,CUKPF,Carnival Corporation & plc,30.66B,20.70,-,25.42B,2025-06-20
429,PUKPF,Prudential plc,30.51B,7.46,-37.26%,12.26B,2025-06-20
430,BAYRY,Bayer Aktiengesellschaft,30.34B,7.63,-1.80%,50.34B,2025-06-20
431,BAYZF,Bayer Aktiengesellschaft,30.34B,31.34,0.93%,50.34B,2025-06-20
432,SSUMF,Sumitomo Corporation,30.26B,25.00,-0.16%,48.70B,2025-06-20
433,SSUMY,Sumitomo Corporation,30.13B,24.92,-0.90%,48.70B,2025-06-20
434,HRSHF,"Haier Smart Home Co., Ltd.",29.95B,2.850,-3.39%,40.41B,2025-06-20
435,HSHCY,"Haier Smart Home Co., Ltd.",29.95B,11.38,-2.15%,40.41B,2025-06-20
436,HELKF,Henkel AG & Co. KGaA,29.87B,79.11,10.90%,22.35B,2025-06-20
437,HENKY,Henkel AG & Co. KGaA,29.87B,17.50,0.06%,22.35B,2025-06-20
438,HENOF,Henkel AG & Co. KGaA,29.87B,76.29,-3.43%,22.35B,2025-06-20
439,HENOY,Henkel AG & Co. KGaA,29.87B,19.01,0.69%,22.35B,2025-06-20
440,TEFOF,"Telefónica, S.A.",29.63B,5.48,10.52%,44.36B,2025-06-20
441,GASNY,"Naturgy Energy Group, S.A.",29.51B,6.09,0.58%,19.95B,2025-06-20
442,FSUGY,Fortescue Ltd,29.31B,19.01,-2.91%,16.35B,2025-06-20
443,FSUMF,Fortescue Ltd,29.31B,10.05,-1.95%,16.35B,2025-06-20
444,RWEOY,RWE Aktiengesellschaft,29.28B,40.53,0.90%,23.38B,2025-06-20
445,RWNFF,RWE Aktiengesellschaft,29.28B,40.68,-,23.38B,2025-06-20
446,TRAUF,Transurban Group,29.25B,9.51,2.38%,2.37B,2025-06-20
447,AAUKD,Anglo American plc,29.25B,29.00,2.31%,27.29B,2025-06-20
448,BAIDF,"Baidu, Inc.",29.06B,9.25,-3.24%,18.48B,2025-06-20
449,SWDBF,Swedbank AB (publ),29.03B,27.54,-0.08%,7.36B,2025-06-20
450,ASMIY,ASM International NV,28.76B,589.29,-0.77%,3.39B,2025-06-20
451,ASMXF,ASM International NV,28.76B,613.50,2.46%,3.39B,2025-06-20
452,SWDBY,Swedbank AB (publ),28.65B,25.36,-1.05%,7.36B,2025-06-20
453,DSFIY,DSM-Firmenich AG,28.48B,10.94,-1.35%,13.25B,2025-06-20
454,DSMFF,DSM-Firmenich AG,28.48B,107.52,7.44%,13.25B,2025-06-20
455,SMPNY,"Sompo Holdings, Inc.",28.46B,14.81,-3.49%,35.74B,2025-06-20
456,CMAKY,"China Minsheng Banking Corp., Ltd.",28.32B,5.97,-2.41%,12.37B,2025-06-20
457,PPERF,PT Bank Mandiri (Persero) Tbk,28.30B,0.290,-6.45%,8.31B,2025-06-20
458,PPERY,PT Bank Mandiri (Persero) Tbk,28.30B,11.91,-3.87%,8.31B,2025-06-20
459,CAPMF,Capgemini SE,28.29B,166.02,-3.39%,22.88B,2025-06-20
460,CGEMY,Capgemini SE,28.29B,32.42,-4.37%,22.88B,2025-06-20
461,BRDCF,Bridgestone Corporation,28.17B,41.90,-,29.54B,2025-06-20
462,VNNVF,Vonovia SE,28.11B,33.68,-4.32%,8.23B,2025-06-20
463,VONOY,Vonovia SE,28.11B,17.47,2.64%,8.23B,2025-06-20
464,SAXPF,Sampo Oyj,27.99B,9.00,-15.25%,10.27B,2025-06-20
465,SAXPY,Sampo Oyj,27.99B,20.70,-0.05%,10.27B,2025-06-20
466,RYAOF,Ryanair Holdings plc,27.98B,27.50,129.17%,15.08B,2025-06-20
467,KMTUF,Komatsu Ltd.,27.92B,31.92,5.44%,27.41B,2025-06-20
468,KMTUY,Komatsu Ltd.,27.92B,30.20,-1.85%,27.41B,2025-06-20
469,SWSDF,Swiss Life Holding AG,27.87B,"1,000.04",-,13.22B,2025-06-20
470,SZLMY,Swiss Life Holding AG,27.87B,49.54,0.34%,13.22B,2025-06-20
471,AMKAF,A.P. Møller - Mærsk A/S,27.86B,"1,904.00",-1.09%,56.45B,2025-06-20
472,AMKBF,A.P. Møller - Mærsk A/S,27.86B,"1,868.60",-4.61%,56.45B,2025-06-20
473,AMKBY,A.P. Møller - Mærsk A/S,27.86B,9.02,-2.75%,56.45B,2025-06-20
474,BRDCY,Bridgestone Corporation,27.82B,20.48,-1.09%,29.54B,2025-06-20
475,ERIXF,Telefonaktiebolaget LM Ericsson (publ),27.79B,8.19,-1.92%,24.86B,2025-06-20
476,CGMBF,"China Minsheng Banking Corp., Ltd.",27.77B,0.411,-10.68%,12.37B,2025-06-20
477,NHOLF,"Sompo Holdings, Inc.",27.70B,33.00,9.44%,35.74B,2025-06-20
478,PITAF,Poste Italiane S.p.A.,27.66B,14.31,-31.27%,14.74B,2025-06-20
479,HLAGF,Hapag-Lloyd Aktiengesellschaft,27.45B,158.71,-0.17%,21.51B,2025-06-20
480,HPGLY,Hapag-Lloyd Aktiengesellschaft,27.45B,81.49,-0.83%,21.51B,2025-06-20
481,DLICY,"Dai-ichi Life Holdings, Inc.",27.42B,14.43,-3.38%,62.11B,2025-06-20
482,NOKBF,Nokia Oyj,27.32B,5.15,-4.63%,20.72B,2025-06-20
483,SAABF,Saab AB (publ),27.30B,51.10,-1.43%,6.51B,2025-06-20
484,SAABY,Saab AB (publ),27.30B,25.68,-0.27%,6.51B,2025-06-20
485,DSCSY,Disco Corporation,27.29B,25.06,-0.36%,2.63B,2025-06-20
486,JPHLF,"Japan Post Holdings Co., Ltd.",27.28B,9.99,7.13%,76.61B,2025-06-20
487,JPPHY,"Japan Post Holdings Co., Ltd.",27.28B,9.60,-1.34%,76.61B,2025-06-20
488,DUAVF,Dassault Aviation société anonyme,27.23B,350.01,-,6.63B,2025-06-20
489,MLYBY,Malayan Banking Berhad,27.22B,4.589,7.72%,6.35B,2025-06-20
490,SDVKF,Sandvik AB (publ),27.19B,22.03,-0.36%,12.27B,2025-06-20
491,SDVKY,Sandvik AB (publ),27.19B,21.66,-1.50%,12.27B,2025-06-20
492,DCNSF,"Dai-ichi Life Holdings, Inc.",27.07B,25.48,239.73%,62.11B,2025-06-20
493,HSNGF,Hang Seng Bank Limited,27.07B,13.00,-10.53%,4.73B,2025-06-20
494,HSNGY,Hang Seng Bank Limited,27.07B,14.52,0.28%,4.73B,2025-06-20
495,AONNY,"Aeon Co., Ltd.",27.03B,31.33,2.02%,67.43B,2025-06-20
496,SSEZF,SSE plc,26.93B,24.67,-1.52%,13.09B,2025-06-20
497,SSEZY,SSE plc,26.93B,24.90,0.16%,13.09B,2025-06-20
498,FSNUF,Fresenius SE & Co. KGaA,26.89B,50.29,-,23.92B,2025-06-20
499,FSNUY,Fresenius SE & Co. KGaA,26.89B,12.12,0.17%,23.92B,2025-06-20
500,ARLUF,Aristocrat Leisure Limited,26.86B,42.50,-0.70%,4.27B,2025-06-20
